PicID,Vertical,Horizontal,Velocity
020721-010829-248-0,0,0,0
020721-010829-781-1,0,0,0.5480922
020721-010829-806-2,0,0,0.0235704
020721-010829-934-3,0,0,0.02275515
020721-010830-072-4,0,0,0.002016298
020721-010830-230-5,0,0,0.0008991659
020721-010830-388-6,1,0,0.0001277253
020721-010830-548-7,1,0,0.1111238
020721-010830-708-8,1,0,0.3428569
020721-010830-867-9,1,0,0.5843189
020721-010831-029-10,1,0,0.8256617
020721-010831-189-11,1,0,1.066968
020721-010831-346-12,1,0,1.30828
020721-010831-508-13,1,0,1.549593
020721-010831-670-14,1,0,1.7909
020721-010831-833-15,1,0,2.032203
020721-010831-987-16,1,0,2.273501
020721-010832-150-17,1,0,2.514794
020721-010832-311-18,1,0,2.756081
020721-010832-471-19,1,0,2.997362
020721-010832-628-20,1,1,3.238636
020721-010832-791-21,1,0,3.477141
020721-010832-947-22,1,0,3.718004
020721-010833-108-23,1,0,3.959264
020721-010833-269-24,1,0,4.200516
020721-010833-429-25,1,0,4.441761
020721-010833-589-26,1,0,4.682999
020721-010833-749-27,1,0,4.924233
020721-010833-909-28,1,1,5.165795
020721-010834-068-29,1,0,5.390246
020721-010834-229-30,1,0,5.630929
020721-010834-388-31,1,0,5.871674
020721-010834-547-32,1,0,6.112906
020721-010834-711-33,1,0,6.3541
020721-010834-870-34,1,0,6.595288
020721-010835-031-35,1,0,6.836469
020721-010835-188-36,1,0,7.07001
020721-010835-347-37,1,0,7.31108
020721-010835-511-38,1,0,7.552267
020721-010835-669-39,1,1,7.79342
020721-010835-830-40,1,0,8.023545
020721-010835-988-41,1,0,8.264793
020721-010836-150-42,1,0,8.505924
020721-010836-308-43,1,1,8.747027
020721-010836-468-44,1,0,8.932939
020721-010836-629-45,1,0,9.154672
020721-010836-789-46,1,0,9.395884
020721-010836-950-47,1,0,9.63596
020721-010837-111-48,1,1,9.876672
020721-010837-268-49,1,0,10.09295
020721-010837-427-50,1,0,10.33403
020721-010837-588-51,1,0,10.57456
020721-010837-749-52,1,1,10.81535
020721-010837-909-53,1,0,10.93334
020721-010838-070-54,1,0,11.17472
020721-010838-230-55,1,0,11.41251
020721-010838-388-56,1,1,11.65196
020721-010838-549-57,1,0,11.87578
020721-010838-711-58,1,0,11.96026
020721-010838-867-59,1,0,12.19778
020721-010839-031-60,1,0,12.42965
020721-010839-189-61,1,0,12.59484
020721-010839-347-62,0,1,12.83242
020721-010839-508-63,-1,1,12.94259
020721-010839-666-64,0,1,12.6277
020721-010839-827-65,1,1,11.96984
020721-010839-989-66,1,1,11.45663
020721-010840-154-67,1,1,11.10809
020721-010840-313-68,1,1,10.83894
020721-010840-469-69,1,1,10.59101
020721-010840-628-70,1,1,10.34879
020721-010840-788-71,1,1,10.11034
020721-010840-949-72,1,1,9.875202
020721-010841-110-73,1,1,9.643899
020721-010841-265-74,1,1,9.417134
020721-010841-427-75,1,0,9.195442
020721-010841-591-76,1,0,8.990727
020721-010841-747-77,1,0,8.937201
020721-010841-909-78,1,0,9.180886
020721-010842-070-79,1,-1,9.418743
020721-010842-227-80,1,0,9.620214
020721-010842-390-81,1,0,9.863018
020721-010842-547-82,1,1,10.10374
020721-010842-714-83,1,0,10.27212
020721-010842-867-84,1,0,10.5135
020721-010843-030-85,1,0,10.75342
020721-010843-188-86,1,0,10.99377
020721-010843-350-87,1,0,11.23462
020721-010843-511-88,1,0,11.47564
020721-010843-668-89,1,0,11.71669
020721-010843-827-90,1,0,11.95774
020721-010843-989-91,1,0,12.19879
020721-010844-151-92,1,0,12.43983
020721-010844-309-93,1,0,12.68087
020721-010844-471-94,1,0,12.9219
020721-010844-630-95,1,0,13.16292
020721-010844-788-96,1,0,13.33303
020721-010844-948-97,1,0,13.57233
020721-010845-111-98,1,0,13.80772
020721-010845-269-99,1,0,14.04574
020721-010845-431-100,1,1,14.28572
020721-010845-591-101,1,0,14.51886
020721-010845-747-102,1,0,14.7592
020721-010845-909-103,1,0,14.99924
020721-010846-069-104,1,-1,15.23968
020721-010846-230-105,1,-1,15.48021
020721-010846-394-106,1,0,15.45675
020721-010846-547-107,1,0,15.37571
020721-010846-708-108,1,-1,15.52722
020721-010846-869-109,1,0,15.60173
020721-010847-029-110,1,0,15.66934
020721-010847-191-111,1,-1,15.86374
020721-010847-348-112,1,-1,15.89028
020721-010847-510-113,1,0,15.81295
020721-010847-669-114,1,-1,15.64614
020721-010847-830-115,1,-1,15.53732
020721-010847-989-116,1,-1,15.38705
020721-010848-151-117,1,0,15.10601
020721-010848-308-118,1,-1,14.85504
020721-010848-468-119,1,-1,14.9022
020721-010848-628-120,1,0,14.8233
020721-010848-790-121,1,0,14.61892
020721-010848-953-122,1,0,14.40703
020721-010849-110-123,1,0,14.57915
020721-010849-275-124,1,0,14.78734
020721-010849-438-125,1,0,15.01752
020721-010849-586-126,1,0,15.25566
020721-010849-748-127,1,0,15.49597
020721-010849-907-128,1,0,15.7368
020721-010850-069-129,1,0,15.97774
020721-010850-229-130,1,0,16.21868
020721-010850-388-131,1,0,16.45962
020721-010850-552-132,1,0,16.70056
020721-010850-708-133,1,-1,16.94149
020721-010850-868-134,1,0,17.14537
020721-010851-033-135,1,0,17.38276
020721-010851-186-136,1,0,17.61624
020721-010851-350-137,1,0,17.85237
020721-010851-513-138,1,0,18.09123
020721-010851-668-139,1,0,18.33143
020721-010851-830-140,1,0,18.57211
020721-010851-986-141,1,0,18.81295
020721-010852-153-142,1,0,19.05382
020721-010852-311-143,1,0,19.29468
020721-010852-475-144,1,0,19.53555
020721-010852-628-145,0,0,19.7764
020721-010852-790-146,0,0,20.0002
020721-010852-952-147,0,0,20.13877
020721-010853-110-148,-1,0,20.20657
020721-010853-268-149,-1,0,19.36928
020721-010853-431-150,-1,0,18.57157
020721-010853-588-151,-1,0,17.92747
020721-010853-750-152,-1,1,17.27499
020721-010853-907-153,-1,0,16.44809
020721-010854-070-154,-1,0,15.68206
020721-010854-227-155,-1,0,14.97581
020721-010854-390-156,-1,0,14.26952
020721-010854-554-157,0,1,13.58854
020721-010854-710-158,1,1,12.77531
020721-010854-865-159,1,0,11.94259
020721-010855-029-160,1,1,11.65401
020721-010855-190-161,1,1,11.3913
020721-010855-352-162,1,1,11.13552
020721-010855-509-163,1,1,10.88294
020721-010855-669-164,1,1,10.63401
020721-010855-830-165,1,1,10.38886
020721-010855-991-166,1,0,10.14772
020721-010856-153-167,1,0,9.969033
020721-010856-308-168,1,0,10.18607
020721-010856-469-169,1,0,10.4195
020721-010856-630-170,1,0,10.6567
020721-010856-789-171,1,1,10.8968
020721-010856-949-172,1,0,10.8776
020721-010857-109-173,1,1,11.11429
020721-010857-272-174,1,0,11.34946
020721-010857-427-175,1,0,11.51686
020721-010857-589-176,1,0,11.756
020721-010857-751-177,1,0,11.99333
020721-010857-907-178,1,0,12.23283
020721-010858-070-179,1,1,12.47345
020721-010858-227-180,1,0,12.52484
020721-010858-388-181,1,0,12.7638
020721-010858-549-182,1,0,12.99631
020721-010858-708-183,1,1,13.23312
020721-010858-868-184,1,0,13.34505
020721-010859-032-185,1,0,13.58213
020721-010859-187-186,1,0,13.81404
020721-010859-348-187,1,0,14.0507
020721-010859-509-188,1,0,14.29033
020721-010859-668-189,1,0,14.53096
020721-010859-829-190,1,0,14.77186
020721-010859-988-191,1,0,15.01283
020721-010900-152-192,1,0,15.25379
020721-010900-308-193,1,0,15.49476
020721-010900-467-194,1,0,15.73572
020721-010900-628-195,1,0,15.93489
020721-010900-786-196,1,0,16.17286
020721-010900-952-197,1,0,16.40715
020721-010901-108-198,1,0,16.64404
020721-010901-271-199,1,0,16.88335
020721-010901-430-200,1,0,17.12376
020721-010901-588-201,1,0,17.36453
020721-010901-748-202,1,0,17.49852
020721-010901-910-203,1,0,17.72949
020721-010902-071-204,1,0,17.95049
020721-010902-228-205,1,0,18.17942
020721-010902-389-206,1,0,18.41553
020721-010902-550-207,1,0,18.65487
020721-010902-706-208,0,0,18.89532
020721-010902-871-209,-1,0,19.10305
020721-010903-033-210,-1,0,19.15677
020721-010903-192-211,-1,0,18.22021
020721-010903-347-212,-1,1,17.43806
020721-010903-507-213,-1,1,16.5719
020721-010903-671-214,-1,1,15.45021
020721-010903-827-215,-1,1,14.26097
020721-010903-989-216,0,1,13.07548
020721-010904-150-217,1,1,11.91898
020721-010904-307-218,1,1,11.04936
020721-010904-485-219,1,1,10.68854
020721-010904-628-220,1,1,10.44192
020721-010904-790-221,1,1,10.21387
020721-010904-949-222,1,1,9.98137
020721-010905-109-223,1,1,9.748507
020721-010905-269-224,1,1,9.51872
020721-010905-427-225,1,1,9.293898
020721-010905-587-226,1,0,9.074751
020721-010905-748-227,1,0,8.972749
020721-010905-913-228,1,0,9.219792
020721-010906-074-229,1,1,9.45762
020721-010906-231-230,1,0,9.63168
020721-010906-390-231,1,0,9.872871
020721-010906-549-232,1,0,10.11285
020721-010906-708-233,1,0,10.35347
020721-010906-872-234,1,0,10.59443
020721-010907-033-235,1,0,10.80811
020721-010907-187-236,1,0,11.04908
020721-010907-348-237,1,0,11.28924
020721-010907-508-238,1,0,11.37699
020721-010907-670-239,1,0,11.61772
020721-010907-830-240,1,0,11.85381
020721-010908-002-241,1,-1,12.09254
020721-010908-150-242,1,0,12.31943
020721-010908-308-243,1,0,12.52061
020721-010908-468-244,1,1,12.75851
020721-010908-630-245,1,0,12.98805
020721-010908-792-246,1,0,13.22806
020721-010908-948-247,1,0,13.46905
020721-010909-110-248,1,0,13.70985
020721-010909-269-249,1,0,13.95073
020721-010909-428-250,1,0,14.19168
020721-010909-594-251,1,0,14.43266
020721-010909-751-252,1,0,14.67364
020721-010909-910-253,1,0,14.91462
020721-010910-073-254,1,0,15.15559
020721-010910-228-255,1,0,15.39656
020721-010910-388-256,1,0,15.63752
020721-010910-548-257,1,0,15.87847
020721-010910-710-258,1,0,16.11942
020721-010910-870-259,1,0,16.36038
020721-010911-033-260,1,0,16.60132
020721-010911-190-261,1,0,16.77041
020721-010911-348-262,1,0,17.00542
020721-010911-506-263,1,0,17.23365
020721-010911-668-264,1,0,17.46689
020721-010911-835-265,1,0,17.70474
020721-010911-989-266,1,0,17.94465
020721-010912-147-267,1,0,18.18527
020721-010912-310-268,1,0,18.4261
020721-010912-469-269,1,0,18.66697
020721-010912-631-270,1,0,18.90785
020721-010912-788-271,1,0,18.93977
020721-010912-948-272,1,0,19.157
020721-010913-111-273,1,0,19.35981
020721-010913-271-274,1,0,19.57697
020721-010913-425-275,1,0,19.80811
020721-010913-592-276,1,-1,20.04572
020721-010913-751-277,1,0,20.22201
020721-010913-911-278,1,0,20.29936
020721-010914-068-279,1,0,20.47466
020721-010914-230-280,1,0,20.63993
020721-010914-390-281,1,0,20.83971
020721-010914-551-282,1,0,21.06494
020721-010914-707-283,1,0,21.3009
020721-010914-872-284,1,0,21.54044
020721-010915-027-285,1,0,21.78098
020721-010915-189-286,1,-1,22.02175
020721-010915-348-287,1,0,22.25722
020721-010915-512-288,1,0,22.35707
020721-010915-668-289,1,0,22.55879
020721-010915-830-290,1,1,22.73927
020721-010915-990-291,1,0,22.94038
020721-010916-159-292,1,0,23.17828
020721-010916-310-293,1,0,23.40944
020721-010916-468-294,1,0,23.63677
020721-010916-628-295,1,0,23.86828
020721-010916-789-296,1,0,24.08515
020721-010916-946-297,1,0,24.31785
020721-010917-106-298,1,1,24.5503
020721-010917-268-299,1,0,24.55103
020721-010917-426-300,1,0,24.66969
020721-010917-587-301,1,0,24.8094
020721-010917-746-302,1,1,24.96136
020721-010917-909-303,1,0,24.96511
020721-010918-067-304,1,0,25.02297
020721-010918-229-305,1,0,25.15139
020721-010918-390-306,1,0,25.29449
020721-010918-547-307,1,0,25.48224
020721-010918-707-308,1,1,25.70186
020721-010918-870-309,1,0,25.93007
020721-010919-030-310,1,0,26.11355
020721-010919-189-311,1,0,26.33351
020721-010919-359-312,1,1,26.54639
020721-010919-518-313,1,0,26.53942
020721-010919-669-314,1,0,26.68852
020721-010919-830-315,1,0,26.85989
020721-010919-987-316,1,0,27.05752
020721-010920-149-317,1,1,27.27822
020721-010920-313-318,1,0,27.40657
020721-010920-468-319,1,0,27.61089
020721-010920-630-320,1,0,27.80401
020721-010920-788-321,0,1,28.01077
020721-010920-949-322,0,1,28.12015
020721-010921-111-323,0,1,28.01783
020721-010921-268-324,1,1,27.68197
020721-010921-431-325,1,1,27.12396
020721-010921-587-326,1,1,26.60908
020721-010921-747-327,0,1,26.2228
020721-010921-911-328,0,1,25.84737
020721-010922-069-329,0,1,25.37988
020721-010922-228-330,0,1,24.85471
020721-010922-392-331,1,1,24.30954
020721-010922-549-332,1,1,23.79813
020721-010922-708-333,1,1,23.38356
020721-010922-868-334,1,1,23.04569
020721-010923-029-335,1,1,22.7322
020721-010923-188-336,1,1,22.42244
020721-010923-348-337,1,1,22.11251
020721-010923-512-338,1,1,21.8012
020721-010923-667-339,1,0,21.51283
020721-010923-831-340,1,0,21.36778
020721-010923-988-341,1,0,21.49862
020721-010924-148-342,1,0,21.65933
020721-010924-309-343,1,0,21.86184
020721-010924-469-344,1,0,22.08895
020721-010924-627-345,1,0,22.32567
020721-010924-788-346,1,1,22.56546
020721-010924-949-347,1,0,22.5617
020721-010925-109-348,1,0,22.74557
020721-010925-267-349,1,0,22.93555
020721-010925-432-350,1,0,23.1419
020721-010925-590-351,1,0,23.36658
020721-010925-750-352,1,0,23.60133
020721-010925-910-353,1,0,23.84021
020721-010926-068-354,1,0,24.05348
020721-010926-227-355,1,0,24.28751
020721-010926-390-356,1,0,24.51318
020721-010926-548-357,1,0,24.74113
020721-010926-709-358,1,0,24.97471
020721-010926-869-359,1,0,25.21228
020721-010927-027-360,1,0,25.45185
020721-010927-193-361,1,0,25.69222
020721-010927-347-362,1,1,25.93285
020721-010927-514-363,1,0,26.12819
020721-010927-667-364,1,0,26.3553
020721-010927-828-365,0,0,26.56997
020721-010927-990-366,-1,0,26.7529
020721-010928-154-367,-1,0,26.4858
020721-010928-309-368,-1,0,25.49065
020721-010928-467-369,-1,0,24.85478
020721-010928-628-370,0,0,24.20584
020721-010928-789-371,1,0,23.56286
020721-010928-947-372,1,0,22.87312
020721-010929-109-373,1,0,22.60713
020721-010929-269-374,1,0,22.65653
020721-010929-430-375,1,0,22.86467
020721-010929-587-376,1,0,23.05582
020721-010929-752-377,1,0,23.26218
020721-010929-908-378,0,0,23.48693
020721-010930-068-379,-1,0,23.65328
020721-010930-232-380,-1,0,23.13991
020721-010930-389-381,-1,0,22.27283
020721-010930-547-382,-1,0,21.63644
020721-010930-712-383,-1,0,20.98525
020721-010930-870-384,-1,0,20.30949
020721-010931-028-385,-1,0,19.65182
020721-010931-191-386,-1,0,18.99125
020721-010931-350-387,-1,0,18.33122
020721-010931-507-388,-1,0,17.6732
020721-010931-668-389,0,0,17.01684
020721-010931-833-390,1,1,16.36386
020721-010931-989-391,1,0,15.55191
020721-010932-152-392,1,0,15.51858
020721-010932-309-393,1,0,15.69909
020721-010932-469-394,1,0,15.91814
020721-010932-630-395,0,0,16.15095
020721-010932-789-396,-1,0,16.30637
020721-010932-951-397,-1,0,15.7713
020721-010933-111-398,-1,0,14.96984
020721-010933-270-399,-1,0,14.32798
020721-010933-432-400,1,0,13.67496
020721-010933-587-401,1,0,13.05693
020721-010933-749-402,1,0,13.1495
020721-010933-908-403,1,0,13.36733
020721-010934-066-404,1,0,13.60888
020721-010934-229-405,1,0,13.85002
020721-010934-393-406,1,0,14.09102
020721-010934-550-407,1,0,14.33202
020721-010934-707-408,1,0,14.573
020721-010934-868-409,1,0,14.81399
020721-010935-030-410,1,0,15.05496
020721-010935-190-411,1,0,15.29593
020721-010935-349-412,1,0,15.5369
020721-010935-511-413,1,0,15.77785
020721-010935-670-414,1,0,16.0188
020721-010935-830-415,1,0,16.25975
020721-010935-988-416,1,1,16.50068
020721-010936-152-417,1,0,16.72546
020721-010936-311-418,1,0,16.7168
020721-010936-470-419,0,0,16.92117
020721-010936-628-420,0,0,17.11456
020721-010936-790-421,0,0,17.2452
020721-010936-949-422,0,0,17.3145
020721-010937-109-423,1,0,17.37004
020721-010937-274-424,1,0,17.46564
020721-010937-429-425,1,0,17.66103
020721-010937-586-426,1,0,17.89844
020721-010937-752-427,1,0,18.13938
020721-010937-910-428,0,0,18.3803
020721-010938-069-429,-1,0,18.57121
020721-010938-231-430,-1,0,18.62867
020721-010938-388-431,-1,1,17.69424
020721-010938-552-432,-1,1,16.89517
020721-010938-708-433,0,1,15.85312
020721-010938-870-434,0,1,14.69223
020721-010939-034-435,0,1,13.5764
020721-010939-192-436,0,1,12.71261
020721-010939-353-437,0,1,12.28452
020721-010939-511-438,0,1,11.86696
020721-010939-668-439,0,1,11.4442
020721-010939-835-440,1,1,11.0153
020721-010939-987-441,1,0,10.57289
020721-010940-149-442,1,0,10.27904
020721-010940-310-443,1,1,10.45166
020721-010940-469-444,1,0,10.64536
020721-010940-627-445,1,0,10.88087
020721-010940-795-446,1,0,11.11827
020721-010940-949-447,1,0,11.35827
020721-010941-109-448,1,0,11.5991
020721-010941-270-449,1,1,11.84012
020721-010941-432-450,1,0,12.06657
020721-010941-588-451,1,0,12.22471
020721-010941-753-452,1,0,12.46234
020721-010941-913-453,1,0,12.69639
020721-010942-070-454,1,0,12.9344
020721-010942-228-455,1,0,13.17456
020721-010942-393-456,1,0,13.41537
020721-010942-548-457,1,0,13.65634
020721-010942-708-458,1,0,13.89734
020721-010942-871-459,1,0,14.13833
020721-010943-028-460,1,1,14.37933
020721-010943-190-461,1,0,14.60532
020721-010943-352-462,1,0,14.84549
020721-010943-511-463,1,0,15.08456
020721-010943-668-464,1,0,15.32436
020721-010943-828-465,1,0,15.56486
020721-010943-989-466,1,0,15.80567
020721-010944-150-467,1,0,16.04658
020721-010944-310-468,1,0,16.28752
020721-010944-470-469,1,0,16.52846
020721-010944-627-470,1,0,16.76939
020721-010944-785-471,1,0,17.00985
020721-010944-948-472,1,0,17.25072
020721-010945-108-473,1,0,17.49154
020721-010945-270-474,1,-1,17.73237
020721-010945-430-475,1,0,17.7175
020721-010945-590-476,1,0,17.92109
020721-010945-753-477,1,0,18.13077
020721-010945-906-478,1,0,18.35277
020721-010946-073-479,1,-1,18.58612
020721-010946-230-480,1,0,18.5693
020721-010946-390-481,1,0,18.48207
020721-010946-549-482,1,0,18.5952
020721-010946-708-483,1,0,18.74515
020721-010946-871-484,1,0,18.93944
020721-010947-033-485,1,1,19.16396
020721-010947-187-486,1,0,19.24441
020721-010947-357-487,1,0,19.46942
020721-010947-511-488,1,0,19.6701
020721-010947-670-489,1,0,19.88809
020721-010947-831-490,0,0,20.12631
020721-010947-990-491,0,0,20.35959
020721-010948-149-492,-1,0,20.51425
020721-010948-309-493,-1,0,20.02
020721-010948-470-494,0,0,19.16934
020721-010948-630-495,1,0,18.53903
020721-010948-790-496,1,0,17.80301
020721-010948-949-497,1,0,17.80113
020721-010949-109-498,1,0,18.01208
020721-010949-272-499,1,0,18.25286
020721-010949-431-500,1,0,18.4939
020721-010949-756-501,1,0,18.73479
020721-010949-773-502,1,0,18.97567
020721-010949-914-503,1,0,19.21654
020721-010950-087-504,1,0,19.45741
020721-010950-239-505,1,-1,19.69826
020721-010950-410-506,1,0,19.81418
020721-010950-550-507,1,0,20.03793
020721-010950-710-508,1,0,20.2462
020721-010950-868-509,1,0,20.46817
020721-010951-031-510,1,1,20.70723
020721-010951-192-511,1,0,20.94359
020721-010951-352-512,1,0,21.16009
020721-010951-508-513,1,0,21.38953
020721-010951-673-514,1,0,21.61934
020721-010951-829-515,1,-1,21.85391
020721-010951-991-516,0,0,22.03147
020721-010952-151-517,0,0,22.20467
020721-010952-308-518,0,0,22.25917
020721-010952-471-519,0,0,22.26352
020721-010952-632-520,0,0,22.25446
020721-010953-186-521,0,1,22.26918
020721-010953-204-522,0,1,21.98246
020721-010953-326-523,0,0,21.47412
020721-010953-486-524,0,0,20.94857
020721-010953-647-525,-1,0,20.67742
020721-010953-809-526,-1,-1,20.19645
020721-010953-968-527,-1,-1,19.24762
020721-010954-128-528,-1,0,18.25227
020721-010954-292-529,-1,0,17.20769
020721-010954-447-530,-1,0,16.3929
020721-010954-605-531,-1,1,15.56559
020721-010954-773-532,-1,0,14.79415
020721-010954-927-533,-1,0,14.08886
020721-010955-089-534,-1,0,13.4146
020721-010955-249-535,-1,0,12.75525
020721-010955-410-536,-1,1,12.09964
020721-010955-567-537,-1,0,11.25961
020721-010955-728-538,-1,0,10.59703
020721-010955-888-539,-1,0,9.940028
020721-010956-048-540,-1,0,9.283634
020721-010956-209-541,-1,0,8.628839
020721-010956-368-542,-1,0,7.974629
020721-010956-526-543,-1,0,7.320555
020721-010956-690-544,-1,0,6.666514
020721-010956-845-545,-1,0,6.012488
020721-010957-009-546,-1,0,5.358468
020721-010957-166-547,-1,0,4.705004
020721-010957-327-548,-1,0,4.050581
020721-010957-490-549,-1,0,3.398091
020721-010957-650-550,-1,0,2.745836
020721-010957-812-551,-1,0,2.093534
020721-010957-966-552,-1,0,1.441242
020721-010958-128-553,-1,0,0.788961
020721-010958-289-554,-1,0,0.03295904
020721-010958-449-555,-1,0,0.03293193
020721-010958-611-556,0,0,0.004228449
020721-010958-767-557,0,0,7.859983E-05
020721-010958-926-558,0,0,0.0003522657
020721-010959-086-559,0,0,0.01019132
020721-010959-250-560,0,0,0.02691579
020721-010959-410-561,0,0,0.04351329
020721-011020-878-0,0,0,0
020721-011021-425-1,0,0,0.5480922
020721-011021-452-2,0,0,0.0235704
020721-011021-569-3,1,0,0.02275515
020721-011021-716-4,1,0,0.0161982
020721-011021-868-5,1,0,0.1438166
020721-011022-030-6,1,0,0.3802584
020721-011022-189-7,1,0,0.621776
020721-011022-352-8,1,0,0.8631065
020721-011022-513-9,1,0,1.104414
020721-011022-671-10,1,0,1.345726
020721-011022-829-11,1,0,1.587036
020721-011022-991-12,1,0,1.828344
020721-011023-154-13,1,0,2.069647
020721-011023-312-14,1,0,2.310943
020721-011023-473-15,1,0,2.552235
020721-011023-632-16,1,0,2.79352
020721-011023-789-17,1,0,3.0348
020721-011023-954-18,1,0,3.276073
020721-011024-111-19,1,0,3.51734
020721-011024-272-20,1,0,3.758602
020721-011024-434-21,1,0,3.999857
020721-011024-592-22,1,0,4.241108
020721-011024-749-23,1,0,4.482348
020721-011024-908-24,1,0,4.723584
020721-011025-073-25,1,0,4.964812
020721-011025-231-26,1,0,5.138763
020721-011025-390-27,1,0,5.375071
020721-011025-553-28,1,0,5.616504
020721-011025-711-29,1,0,5.857727
020721-011025-873-30,1,0,6.098927
020721-011026-031-31,1,0,6.328797
020721-011026-192-32,1,0,6.569667
020721-011026-353-33,1,0,6.810899
020721-011026-512-34,1,0,7.052077
020721-011026-670-35,1,0,7.293247
020721-011026-830-36,1,0,7.415389
020721-011026-991-37,1,0,7.655168
020721-011027-151-38,1,0,7.89672
020721-011027-312-39,1,1,8.137816
020721-011027-473-40,1,0,8.377133
020721-011027-631-41,1,0,8.541487
020721-011027-789-42,1,0,8.782933
020721-011027-951-43,1,0,9.023778
020721-011028-112-44,1,0,9.264652
020721-011028-271-45,1,0,9.505705
020721-011028-429-46,1,1,9.746803
020721-011028-591-47,1,0,9.869284
020721-011028-753-48,1,0,10.11116
020721-011028-914-49,1,0,10.35074
020721-011029-068-50,1,0,10.59098
020721-011029-231-51,1,0,10.83184
020721-011029-394-52,1,0,11.07287
020721-011029-553-53,1,0,11.31393
020721-011029-711-54,0,0,11.55499
020721-011029-870-55,0,0,11.73176
020721-011030-035-56,-1,1,11.80095
020721-011030-190-57,-1,1,10.86419
020721-011030-354-58,-1,1,9.755696
020721-011030-513-59,-1,1,8.614496
020721-011030-670-60,0,1,7.46503
020721-011030-832-61,1,1,6.346971
020721-011030-990-62,1,1,5.711415
020721-011031-153-63,1,0,5.437263
020721-011031-312-64,1,0,5.456856
020721-011031-472-65,1,0,5.741185
020721-011031-633-66,1,-1,5.97761
020721-011031-788-67,1,0,6.130226
020721-011031-954-68,1,0,6.303926
020721-011032-110-69,1,0,6.540232
020721-011032-275-70,1,1,6.781969
020721-011032-432-71,1,0,6.977673
020721-011032-594-72,1,0,7.217408
020721-011032-752-73,1,1,7.458803
020721-011032-912-74,1,0,7.696553
020721-011033-070-75,1,0,7.870968
020721-011033-234-76,1,1,8.112123
020721-011033-390-77,1,1,8.203834
020721-011033-553-78,1,1,8.076962
020721-011033-710-79,1,0,7.902723
020721-011033-872-80,1,-1,7.854612
020721-011034-037-81,1,0,7.976109
020721-011034-192-82,1,0,8.168847
020721-011034-352-83,1,0,8.409347
020721-011034-515-84,1,1,8.650579
020721-011034-673-85,1,0,8.751287
020721-011034-833-86,0,0,8.910319
020721-011034-989-87,0,0,9.082796
020721-011035-158-88,1,0,9.142765
020721-011035-311-89,1,1,9.218188
020721-011035-470-90,1,0,9.354022
020721-011035-630-91,1,0,9.513111
020721-011035-793-92,1,0,9.754796
020721-011035-955-93,1,0,9.993988
020721-011036-114-94,1,-1,10.23428
020721-011036-275-95,1,0,10.31573
020721-011036-434-96,1,0,10.5578
020721-011036-593-97,1,0,10.79646
020721-011036-748-98,1,0,11.03617
020721-011036-913-99,1,0,11.17827
020721-011037-072-100,1,-1,11.41967
020721-011037-230-101,1,-1,11.45304
020721-011037-392-102,1,0,11.35078
020721-011037-550-103,1,0,11.29097
020721-011037-710-104,1,0,11.50887
020721-011037-871-105,1,1,11.72763
020721-011038-036-106,1,0,11.76363
020721-011038-191-107,1,0,11.9317
020721-011038-351-108,1,0,12.16022
020721-011038-513-109,1,-1,12.38651
020721-011038-673-110,1,0,12.61043
020721-011038-834-111,0,0,12.83799
020721-011038-994-112,0,0,0.2994949
020721-011039-150-113,0,0,1.205048
020721-011039-311-114,0,0,1.484243
020721-011039-475-115,1,0,1.508414
020721-011039-630-116,1,0,1.562966
020721-011039-794-117,1,0,1.726778
020721-011039-953-118,1,0,1.965643
020721-011040-115-119,1,0,2.207204
020721-011040-274-120,1,0,2.44852
020721-011040-433-121,1,0,2.689805
020721-011040-592-122,1,1,2.931087
020721-011040-750-123,1,0,3.149084
020721-011040-912-124,1,0,3.387765
020721-011041-073-125,1,0,3.628999
020721-011041-235-126,1,0,3.87026
020721-011041-390-127,1,1,4.11151
020721-011041-550-128,1,0,4.334159
020721-011041-710-129,1,0,4.573514
020721-011041-875-130,1,0,4.814795
020721-011042-033-131,1,0,5.056322
020721-011042-190-132,1,1,5.297643
020721-011042-350-133,1,0,5.487185
020721-011042-512-134,1,0,5.731791
020721-011042-671-135,1,0,5.973043
020721-011042-830-136,1,0,6.214255
020721-011042-991-137,1,1,6.455444
020721-011043-151-138,1,0,6.676713
020721-011043-309-139,1,0,6.917498
020721-011043-473-140,1,0,7.15875
020721-011043-630-141,1,1,7.399921
020721-011043-788-142,1,0,7.638073
020721-011043-950-143,1,0,7.870303
020721-011044-110-144,1,0,8.111486
020721-011044-275-145,1,0,8.352592
020721-011044-432-146,1,1,8.593699
020721-011044-590-147,1,0,8.732018
020721-011044-751-148,1,0,8.976426
020721-011044-911-149,1,0,9.217496
020721-011045-071-150,1,0,9.45789
020721-011045-232-151,1,0,9.698763
020721-011045-392-152,1,0,9.939819
020721-011045-553-153,1,1,10.18091
020721-011045-712-154,1,0,10.3804
020721-011045-871-155,1,0,10.61341
020721-011046-030-156,1,0,10.8531
020721-011046-194-157,1,0,11.0925
020721-011046-349-158,1,0,11.33297
020721-011046-513-159,1,0,11.57388
020721-011046-669-160,0,0,11.81491
020721-011046-829-161,0,0,12.02421
020721-011046-990-162,-1,0,12.13486
020721-011047-153-163,-1,0,11.51827
020721-011047-313-164,-1,1,10.76822
020721-011047-472-165,-1,1,9.914265
020721-011047-631-166,-1,1,8.81217
020721-011047-792-167,0,1,7.664001
020721-011047-951-168,0,1,6.533689
020721-011048-112-169,1,1,5.481848
020721-011048-277-170,1,1,4.864827
020721-011048-431-171,1,1,4.616106
020721-011048-593-172,1,0,4.60173
020721-011048-754-173,1,0,4.87498
020721-011048-912-174,1,-1,5.104992
020721-011049-070-175,1,-1,5.28937
020721-011049-233-176,1,0,5.231821
020721-011049-391-177,1,0,5.50035
020721-011049-550-178,1,1,5.738978
020721-011049-715-179,1,1,5.826956
020721-011049-869-180,1,1,5.678612
020721-011050-031-181,1,1,5.556894
020721-011050-190-182,1,0,5.511735
020721-011050-351-183,1,0,5.499126
020721-011050-515-184,1,0,5.774426
020721-011050-671-185,1,0,6.004379
020721-011050-828-186,1,0,6.246239
020721-011050-989-187,1,0,6.487431
020721-011051-155-188,1,1,6.728607
020721-011051-315-189,1,0,6.93803
020721-011051-471-190,1,0,7.17867
020721-011051-635-191,1,1,7.419956
020721-011051-793-192,1,0,7.61421
020721-011051-949-193,1,0,7.848871
020721-011052-111-194,1,0,8.0904
020721-011052-271-195,1,0,8.331387
020721-011052-432-196,1,0,8.572438
020721-011052-591-197,1,0,8.813554
020721-011052-753-198,1,0,9.054676
020721-011052-913-199,1,1,9.295795
020721-011053-073-200,1,0,9.420593
020721-011053-233-201,1,0,9.656386
020721-011053-392-202,1,0,9.896693
020721-011053-552-203,1,0,10.13607
020721-011053-712-204,1,0,10.21599
020721-011053-871-205,1,0,10.45794
020721-011054-033-206,1,0,10.69647
020721-011054-197-207,1,0,10.93629
020721-011054-351-208,1,0,11.17703
020721-011054-515-209,1,0,11.41803
020721-011054-673-210,1,0,11.65907
020721-011054-830-211,1,0,11.90013
020721-011054-990-212,1,-1,12.14118
020721-011055-152-213,1,0,12.36759
020721-011055-315-214,1,0,12.6042
020721-011055-471-215,1,0,12.84355
020721-011055-633-216,1,0,13.08297
020721-011055-793-217,1,0,13.32334
020721-011055-952-218,1,0,13.35804
020721-011056-116-219,1,0,13.59418
020721-011056-275-220,0,0,13.82343
020721-011056-431-221,0,-1,14.0552
020721-011056-593-222,-1,-1,14.18777
020721-011056-750-223,-1,-1,13.82393
020721-011056-915-224,-1,-1,12.70923
020721-011057-070-225,-1,-1,11.54162
020721-011057-232-226,-1,-1,10.37742
020721-011057-401-227,0,-1,9.224937
020721-011057-553-228,0,-1,8.085028
020721-011057-710-229,1,-1,7.009689
020721-011057-871-230,1,-1,6.382757
020721-011058-029-231,1,-1,6.141364
020721-011058-195-232,1,0,5.945945
020721-011058-353-233,1,0,6.168175
020721-011058-512-234,1,1,6.411557
020721-011058-671-235,1,0,6.537487
020721-011058-830-236,1,0,6.774914
020721-011058-992-237,1,0,7.016577
020721-011059-151-238,1,0,7.257772
020721-011059-313-239,1,0,7.498934
020721-011059-472-240,1,0,7.740092
020721-011059-633-241,1,-1,7.981244
020721-011059-790-242,1,0,8.164186
020721-011059-949-243,1,0,8.405281
020721-011100-114-244,1,-1,8.646389
020721-011100-280-245,1,0,8.682534
020721-011100-435-246,1,-1,8.93198
020721-011100-592-247,1,0,9.172171
020721-011100-753-248,1,0,9.247678
020721-011100-914-249,1,0,9.490046
020721-011101-073-250,1,0,9.729703
020721-011101-235-251,1,-1,9.970061
020721-011101-393-252,1,0,10.12372
020721-011101-551-253,1,0,10.3502
020721-011101-714-254,1,0,10.58936
020721-011101-872-255,1,0,10.82793
020721-011102-031-256,1,-1,11.06814
020721-011102-193-257,1,0,11.26237
020721-011102-353-258,1,0,11.50308
020721-011102-511-259,1,0,11.7423
020721-011102-674-260,1,0,11.98245
020721-011102-835-261,1,0,12.22323
020721-011102-991-262,1,-1,12.46421
020721-011103-157-263,1,0,12.52645
020721-011103-313-264,1,0,12.76581
020721-011103-473-265,1,1,12.99853
020721-011103-631-266,1,0,13.22852
020721-011103-792-267,1,0,13.46917
020721-011103-953-268,1,0,13.70977
020721-011104-114-269,1,0,13.95029
020721-011104-274-270,1,0,14.19106
020721-011104-432-271,1,0,14.43197
020721-011104-593-272,1,0,14.67294
020721-011104-754-273,1,0,14.91391
020721-011104-917-274,1,0,15.06374
020721-011105-071-275,1,0,15.30026
020721-011105-232-276,1,0,15.53028
020721-011105-392-277,1,0,15.76515
020721-011105-555-278,1,0,16.00389
020721-011105-714-279,1,0,16.24419
020721-011105-871-280,1,0,16.48496
020721-011106-031-281,1,0,16.72586
020721-011106-191-282,1,1,16.96678
020721-011106-354-283,1,0,17.07086
020721-011106-514-284,1,0,17.30086
020721-011106-670-285,1,0,17.51904
020721-011106-832-286,1,0,17.74659
020721-011106-993-287,1,0,17.98232
020721-011107-151-288,1,0,18.22158
020721-011107-310-289,0,0,18.46204
020721-011107-470-290,-1,0,18.6831
020721-011107-631-291,-1,0,18.73965
020721-011107-794-292,-1,1,17.78671
020721-011107-957-293,-1,1,16.90737
020721-011108-111-294,-1,1,15.81337
020721-011108-272-295,-1,1,14.6217
020721-011108-435-296,-1,1,13.4313
020721-011108-594-297,0,1,12.26161
020721-011108-752-298,0,1,11.1442
020721-011108-912-299,0,1,10.10664
020721-011109-069-300,0,1,9.385834
020721-011109-231-301,1,1,9.023621
020721-011109-392-302,1,1,8.639912
020721-011109-553-303,1,1,8.352756
020721-011109-713-304,1,1,8.145245
020721-011109-871-305,1,1,7.952032
020721-011110-032-306,1,0,7.760332
020721-011110-190-307,1,0,7.60927
020721-011110-354-308,1,0,7.861459
020721-011110-512-309,1,0,8.105567
020721-011110-670-310,1,0,8.346129
020721-011110-835-311,1,0,8.58699
020721-011110-990-312,1,0,8.82807
020721-011111-157-313,1,1,9.069188
020721-011111-312-314,1,0,9.293594
020721-011111-474-315,1,0,9.526649
020721-011111-633-316,1,0,9.767597
020721-011111-791-317,1,0,10.00813
020721-011111-955-318,1,0,10.249
020721-011112-113-319,1,0,10.49004
020721-011112-270-320,1,0,10.64435
020721-011112-432-321,1,0,10.88572
020721-011112-589-322,1,0,11.12465
020721-011112-751-323,1,0,11.36464
020721-011112-910-324,1,-1,11.60539
020721-011113-070-325,1,0,11.83808
020721-011113-231-326,1,1,12.07891
020721-011113-393-327,1,0,12.31264
020721-011113-550-328,1,0,12.55365
020721-011113-713-329,1,0,12.79447
020721-011113-872-330,1,0,13.01909
020721-011114-033-331,1,0,13.25993
020721-011114-190-332,1,0,13.49988
020721-011114-357-333,1,0,13.53938
020721-011114-513-334,1,0,13.77719
020721-011114-670-335,1,-1,14.00654
020721-011114-830-336,1,0,14.22531
020721-011114-994-337,1,0,14.46588
020721-011115-157-338,1,1,14.70547
020721-011115-310-339,0,0,14.92078
020721-011115-470-340,-1,0,15.11894
020721-011115-632-341,-1,0,15.14486
020721-011115-794-342,0,0,14.13093
020721-011115-954-343,1,0,12.90716
020721-011116-110-344,1,0,12.59753
020721-011116-273-345,1,1,12.7793
020721-011116-431-346,1,0,12.86753
020721-011116-592-347,1,0,13.10603
020721-011116-750-348,1,0,13.33838
020721-011116-913-349,1,1,13.5752
020721-011117-074-350,1,0,13.79728
020721-011117-233-351,1,0,14.00721
020721-011117-394-352,1,0,14.24293
020721-011117-551-353,1,0,14.47805
020721-011117-708-354,1,0,14.71641
020721-011117-870-355,0,0,14.95654
020721-011118-032-356,0,0,15.18989
020721-011118-189-357,-1,0,15.33634
020721-011118-351-358,-1,0,14.59517
020721-011118-511-359,-1,1,13.81736
020721-011118-673-360,-1,1,12.96495
020721-011118-831-361,-1,1,11.85396
020721-011118-991-362,0,1,10.68104
020721-011119-152-363,1,0,9.566856
020721-011119-312-364,1,1,8.873034
020721-011119-472-365,1,1,8.701304
020721-011119-639-366,1,0,8.54782
020721-011119-792-367,1,0,8.360946
020721-011119-954-368,1,0,8.389687
020721-011120-112-369,1,0,8.634865
020721-011120-275-370,1,-1,8.874372
020721-011120-433-371,1,0,9.114713
020721-011120-589-372,1,0,9.355665
020721-011120-751-373,1,0,9.596779
020721-011120-912-374,1,0,9.837887
020721-011121-071-375,1,0,10.07899
020721-011121-232-376,1,1,10.32008
020721-011121-395-377,1,1,10.47941
020721-011121-553-378,1,0,10.3872
020721-011121-713-379,1,0,10.52077
020721-011121-878-380,1,0,10.75439
020721-011122-031-381,1,0,10.89866
020721-011122-190-382,1,0,11.1366
020721-011122-350-383,1,1,11.3737
020721-011122-514-384,1,0,11.59041
020721-011122-671-385,1,0,11.83053
020721-011122-830-386,1,0,12.07027
020721-011122-988-387,1,0,12.31075
020721-011123-155-388,1,0,12.55162
020721-011123-312-389,1,0,12.79262
020721-011123-471-390,1,0,13.03364
020721-011123-632-391,1,0,13.27466
020721-011123-788-392,1,0,13.49973
020721-011123-951-393,1,-1,13.74016
020721-011124-112-394,1,0,13.97865
020721-011124-274-395,1,0,14.21818
020721-011124-433-396,1,0,14.45897
020721-011124-589-397,1,0,14.66364
020721-011124-749-398,1,0,14.90382
020721-011124-909-399,1,0,15.1412
020721-011125-070-400,1,0,15.37976
020721-011125-231-401,1,0,15.59875
020721-011125-393-402,1,0,15.83729
020721-011125-549-403,1,0,16.07491
020721-011125-710-404,1,0,16.31404
020721-011125-876-405,1,0,16.55429
020721-011126-030-406,1,0,16.795
020721-011126-193-407,1,0,17.03586
020721-011126-351-408,1,0,17.27677
020721-011126-511-409,1,0,17.51768
020721-011126-675-410,1,0,17.75859
020721-011126-829-411,1,-1,17.99949
020721-011126-992-412,1,0,18.22391
020721-011127-150-413,1,0,18.46278
020721-011127-309-414,1,0,18.69958
020721-011127-472-415,1,0,18.93758
020721-011127-637-416,1,0,19.1771
020721-011127-794-417,1,-1,19.41746
020721-011127-955-418,1,0,19.40705
020721-011128-113-419,1,0,19.60359
020721-011128-272-420,1,0,19.80634
020721-011128-436-421,1,0,20.02342
020721-011128-598-422,1,0,20.25424
020721-011128-748-423,1,-1,20.49166
020721-011128-911-424,1,0,20.72296
020721-011129-073-425,0,0,20.71482
020721-011129-231-426,0,0,20.82413
020721-011129-390-427,0,0,20.82276
020721-011129-553-428,1,0,20.79443
020721-011129-722-429,1,0,20.77994
020721-011129-873-430,1,0,20.85335
020721-011130-032-431,1,0,21.04421
020721-011130-191-432,1,0,21.27976
020721-011130-350-433,1,0,21.51815
020721-011130-510-434,1,0,21.75868
020721-011130-671-435,1,0,21.99839
020721-011130-829-436,1,0,22.23805
020721-011130-991-437,1,0,22.47813
020721-011131-151-438,1,0,22.71856
020721-011131-312-439,1,0,22.9592
020721-011131-471-440,1,0,23.19992
020721-011131-632-441,1,0,23.44067
020721-011131-792-442,1,0,23.68143
020721-011131-961-443,1,0,23.92218
020721-011132-111-444,1,1,24.16292
020721-011132-273-445,0,0,24.36847
020721-011132-430-446,1,0,24.54269
020721-011132-593-447,1,0,24.62032
020721-011132-751-448,1,1,24.73182
020721-011132-908-449,1,0,24.88745
020721-011133-072-450,1,0,24.93016
020721-011133-230-451,1,0,25.07911
020721-011133-392-452,1,0,25.21357
020721-011133-551-453,1,0,25.38642
020721-011133-713-454,1,0,25.59697
020721-011133-872-455,1,0,25.59922
020721-011134-031-456,1,1,25.77124
020721-011134-190-457,1,0,25.93977
020721-011134-351-458,1,0,26.13559
020721-011134-515-459,1,0,26.35036
020721-011134-675-460,1,0,26.57955
020721-011134-832-461,1,0,26.58388
020721-011134-991-462,1,0,26.75167
020721-011135-154-463,1,0,26.92672
020721-011135-309-464,1,0,27.12145
020721-011135-474-465,1,1,27.33903
020721-011135-629-466,1,0,27.36559
020721-011135-790-467,1,1,27.3669
020721-011135-949-468,1,1,27.33862
020721-011136-116-469,1,0,27.2022
020721-011136-271-470,1,0,26.99714
020721-011136-430-471,0,1,27.01704
020721-011136-596-472,0,1,26.9737
020721-011136-748-473,0,1,26.78127
020721-011136-911-474,0,1,26.31116
020721-011137-067-475,0,1,25.76752
020721-011137-234-476,0,1,25.21231
020721-011137-394-477,0,1,24.65207
020721-011137-550-478,0,1,24.09214
020721-011137-713-479,0,1,23.53588
020721-011137-872-480,0,1,22.98321
020721-011138-033-481,1,1,22.43215
020721-011138-197-482,1,0,21.91775
020721-011138-353-483,1,0,21.5043
020721-011138-515-484,1,1,21.22479
020721-011138-671-485,1,1,21.11674
020721-011138-834-486,1,0,20.9136
020721-011138-993-487,1,0,20.61752
020721-011139-150-488,1,0,20.5123
020721-011139-314-489,1,0,20.66038
020721-011139-472-490,1,0,20.83675
020721-011139-629-491,1,0,21.04858
020721-011139-792-492,1,0,21.27945
020721-011139-952-493,1,0,21.51739
020721-011140-116-494,1,0,21.75751
020721-011140-272-495,1,0,21.96105
020721-011140-431-496,1,0,22.19423
020721-011140-590-497,1,0,22.41942
020721-011140-748-498,1,0,22.64829
020721-011140-915-499,1,0,22.88302
020721-011141-073-500,1,0,23.12134
020721-011141-231-501,1,0,23.36128
020721-011141-392-502,1,0,23.60181
020721-011141-552-503,1,0,23.84252
020721-011141-714-504,1,0,24.08327
020721-011141-873-505,1,0,24.32401
020721-011142-035-506,1,0,24.56475
020721-011142-190-507,1,0,24.80547
020721-011142-351-508,1,1,25.0462
020721-011142-514-509,1,0,25.15257
020721-011142-670-510,1,0,25.35927
020721-011142-831-511,1,0,25.53861
020721-011142-992-512,1,0,25.73208
020721-011143-152-513,1,0,25.94864
020721-011143-311-514,1,0,26.1797
020721-011143-469-515,1,0,26.41722
020721-011143-629-516,1,0,26.65708
020721-011143-790-517,1,0,26.89763
020721-011143-952-518,1,0,27.1383
020721-011144-114-519,1,0,27.37895
020721-011144-269-520,1,0,27.61958
020721-011144-437-521,1,0,27.86021
020721-011144-594-522,1,0,28.10083
020721-011144-749-523,1,0,28.34146
020721-011144-914-524,1,0,28.58209
020721-011145-074-525,1,0,28.82271
020721-011145-229-526,1,1,29.06334
020721-011145-389-527,1,0,29.08528
020721-011145-551-528,1,0,29.03149
020721-011145-712-529,1,0,29.02721
020721-011145-870-530,1,0,28.95089
020721-011146-032-531,1,0,28.86269
020721-011146-192-532,1,0,28.81956
020721-011146-349-533,1,-1,28.88171
020721-011146-514-534,1,0,29.09116
020721-011146-673-535,1,0,29.3281
020721-011146-832-536,1,0,29.56226
020721-011146-990-537,1,0,29.77896
020721-011147-155-538,1,0,30.01772
020721-011147-312-539,1,0,30.25175
020721-011147-472-540,1,1,30.48152
020721-011147-635-541,1,0,30.67548
020721-011147-791-542,1,0,30.88154
020721-011147-951-543,0,0,31.08628
020721-011148-109-544,-1,0,31.29253
020721-011148-277-545,-1,0,31.446
020721-011148-449-546,-1,0,30.80278
020721-011148-618-547,-1,0,29.9268
020721-011148-755-548,-1,1,29.28439
020721-011149-189-549,-1,0,28.5533
020721-011149-210-550,-1,0,27.87391
020721-011149-328-551,-1,0,27.1715
020721-011149-491-552,-1,0,26.4657
020721-011149-654-553,-1,0,25.76842
020721-011149-811-554,-1,1,25.08214
020721-011149-970-555,-1,1,24.23543
020721-011150-147-556,-1,1,23.11687
020721-011150-301-557,-1,0,21.90672
020721-011150-454-558,-1,1,20.78194
020721-011150-611-559,-1,1,19.68622
020721-011150-768-560,-1,1,18.52305
020721-011150-930-561,0,1,17.35998
020721-011151-091-562,1,1,16.23037
020721-011151-254-563,1,1,15.28724
020721-011151-410-564,1,1,14.95703
020721-011151-568-565,1,1,14.69146
020721-011151-732-566,1,1,14.41778
020721-011151-888-567,1,1,14.13202
020721-011152-049-568,1,1,13.84336
020721-011152-213-569,1,1,13.55825
020721-011152-370-570,1,1,13.27839
020721-011152-533-571,1,1,13.00276
020721-011152-689-572,1,1,12.72995
020721-011152-853-573,1,1,12.45928
020721-011153-008-574,1,0,12.19078
020721-011153-171-575,1,0,11.96173
020721-011153-329-576,1,0,11.86128
020721-011153-490-577,1,0,12.07998
020721-011153-654-578,1,-1,12.30259
020721-011153-809-579,1,0,12.4849
020721-011153-970-580,1,0,12.7259
020721-011154-136-581,1,0,12.96406
020721-011154-288-582,1,0,13.20307
020721-011154-453-583,1,0,13.44336
020721-011154-608-584,1,0,13.61041
020721-011154-776-585,1,0,13.84894
020721-011154-929-586,1,-1,14.08367
020721-011155-089-587,1,0,14.2773
020721-011155-253-588,1,0,14.51384
020721-011155-413-589,1,0,14.74944
020721-011155-570-590,1,-1,14.98792
020721-011155-736-591,1,0,15.15814
020721-011155-889-592,1,0,15.39422
020721-011156-048-593,1,0,15.62635
020721-011156-214-594,1,0,15.86262
020721-011156-371-595,1,-1,16.10188
020721-011156-532-596,1,0,16.33946
020721-011156-690-597,1,0,16.57989
020721-011156-853-598,1,0,16.82031
020721-011157-012-599,1,-1,17.06097
020721-011157-173-600,1,0,17.25797
020721-011157-329-601,1,0,17.49423
020721-011157-492-602,1,0,17.72639
020721-011157-657-603,1,-1,17.96187
020721-011157-809-604,1,0,18.17658
020721-011157-972-605,1,0,18.41275
020721-011158-130-606,1,-1,18.64804
020721-011158-291-607,1,0,18.87453
020721-011158-449-608,1,0,18.9853
020721-011158-612-609,1,0,19.19891
020721-011158-775-610,1,0,19.40373
020721-011158-933-611,1,0,19.62465
020721-011159-093-612,1,0,19.85777
020721-011159-249-613,1,0,20.09615
020721-011159-412-614,1,0,20.33632
020721-011159-574-615,1,0,20.57701
020721-011159-732-616,1,0,20.81782
020721-011159-892-617,1,0,21.05864
020721-011200-050-618,1,1,21.29946
020721-011200-211-619,1,0,21.32448
020721-011200-372-620,1,0,21.52989
020721-011200-530-621,1,-1,21.71922
020721-011200-690-622,1,0,21.75786
020721-011200-853-623,1,0,21.98318
020721-011201-013-624,1,0,22.17151
020721-011201-173-625,1,0,22.36577
020721-011201-331-626,1,0,22.58263
020721-011201-490-627,1,0,22.81407
020721-011201-650-628,1,0,23.05181
020721-011201-812-629,1,0,23.29176
020721-011201-970-630,1,0,23.53236
020721-011202-131-631,0,0,23.77311
020721-011202-291-632,-1,0,24.00055
020721-011202-448-633,-1,0,24.15376
020721-011202-609-634,-1,0,23.45514
020721-011202-775-635,-1,0,22.61425
020721-011202-932-636,-1,0,21.97211
020721-011203-090-637,-1,0,21.3203
020721-011203-250-638,-1,0,20.66624
020721-011203-410-639,-1,0,20.012
020721-011203-575-640,-1,0,19.35778
020721-011203-737-641,-1,0,18.70357
020721-011203-890-642,-1,0,18.04937
020721-011204-053-643,-1,0,17.39518
020721-011204-211-644,0,0,16.741
020721-011204-370-645,1,0,16.1138
020721-011204-529-646,0,0,15.45508
020721-011204-691-647,-1,0,15.45601
020721-011204-852-648,-1,0,14.50164
020721-011205-010-649,-1,0,13.7428
020721-011205-175-650,-1,0,13.09613
020721-011205-328-651,-1,0,12.44324
020721-011205-493-652,-1,0,11.78914
020721-011205-653-653,-1,0,11.13502
020721-011205-811-654,-1,0,10.48093
020721-011205-970-655,-1,0,9.826843
020721-011206-130-656,-1,0,9.172771
020721-011206-294-657,-1,0,8.518708
020721-011206-448-658,-1,0,7.864652
020721-011206-610-659,0,0,7.210607
020721-011206-776-660,1,-1,6.571179
020721-011206-932-661,1,-1,6.053214
020721-011207-090-662,1,-1,5.788355
020721-011207-248-663,0,-1,5.643176
020721-011207-410-664,0,-1,5.583576
020721-011207-571-665,0,-1,5.441035
020721-011207-734-666,0,-1,5.192736
020721-011207-892-667,0,-1,4.942931
020721-011208-050-668,0,-1,4.708333
020721-011208-209-669,0,-1,4.487205
020721-011208-372-670,0,-1,4.276914
020721-011208-529-671,0,-1,4.075546
020721-011208-695-672,0,-1,3.881615
020721-011208-850-673,0,-1,3.694293
020721-011209-009-674,0,-1,3.512676
020721-011209-170-675,0,-1,3.335674
020721-011209-328-676,0,-1,3.162315
020721-011209-489-677,0,-1,2.99187
020721-011209-653-678,0,-1,2.823805
020721-011209-813-679,0,-1,2.657719
020721-011209-971-680,0,-1,2.493367
020721-011210-129-681,1,-1,2.330885
020721-011210-291-682,1,-1,2.197371
020721-011210-452-683,1,0,2.176679
020721-011210-610-684,1,0,2.340759
020721-011210-777-685,1,0,2.587036
020721-011210-931-686,1,1,2.816296
020721-011211-088-687,1,0,2.952064
020721-011211-252-688,1,0,3.173885
020721-011211-411-689,1,-1,3.415304
020721-011211-569-690,1,0,3.653844
020721-011211-730-691,1,0,3.894468
020721-011211-889-692,1,0,4.13524
020721-011212-051-693,1,0,4.376485
020721-011212-207-694,1,0,4.617726
020721-011212-373-695,1,0,4.858961
020721-011212-528-696,1,0,5.100478
020721-011212-692-697,1,0,5.307465
020721-011212-851-698,1,0,5.546472
020721-011213-010-699,1,0,5.7878
020721-011213-170-700,1,0,6.029012
020721-011213-329-701,1,0,6.223683
020721-011213-493-702,1,0,6.463266
020721-011213-650-703,1,0,6.704654
020721-011213-810-704,1,0,6.945842
020721-011213-971-705,1,0,7.187012
020721-011214-132-706,1,0,7.428179
020721-011214-295-707,1,0,7.669339
020721-011214-449-708,1,0,7.910492
020721-011214-613-709,1,0,8.151642
020721-011214-772-710,1,0,8.392788
020721-011214-931-711,1,0,8.63392
020721-011215-091-712,1,0,8.87505
020721-011215-250-713,1,0,9.116179
020721-011215-413-714,1,0,9.35729
020721-011215-572-715,1,0,9.598401
020721-011215-731-716,1,0,9.839512
020721-011215-895-717,1,0,10.08061
020721-011216-052-718,1,0,10.3217
020721-011216-214-719,1,0,10.56279
020721-011216-370-720,1,0,10.80387
020721-011216-532-721,1,0,11.04494
020721-011216-692-722,1,0,11.28602
020721-011216-849-723,1,0,11.52708
020721-011217-014-724,1,0,11.76813
020721-011217-170-725,1,0,12.00919
020721-011217-334-726,1,0,12.25023
020721-011217-491-727,1,0,12.49127
020721-011217-649-728,1,0,12.7323
020721-011217-813-729,1,0,12.97334
020721-011217-970-730,1,0,13.21435
020721-011218-131-731,1,0,13.45537
020721-011218-288-732,1,0,13.69638
020721-011218-449-733,1,0,13.93738
020721-011218-613-734,1,0,14.17838
020721-011218-771-735,1,0,14.41938
020721-011218-928-736,1,0,14.66036
020721-011219-089-737,1,0,14.90133
020721-011219-250-738,1,0,15.14231
020721-011219-411-739,1,0,15.38327
020721-011219-571-740,1,0,15.62423
020721-011219-733-741,1,0,15.86519
020721-011219-895-742,1,0,16.10615
020721-011220-050-743,1,0,16.3471
020721-011220-213-744,1,0,16.58802
020721-011220-379-745,1,0,16.82894
020721-011220-541-746,1,0,17.06986
020721-011220-691-747,1,0,17.31078
020721-011220-850-748,1,0,17.5517
020721-011221-014-749,1,1,17.79262
020721-011221-170-750,1,0,17.95648
020721-011221-328-751,1,0,18.18928
020721-011221-490-752,1,0,18.41367
020721-011221-653-753,1,0,18.64417
020721-011221-814-754,1,0,18.88073
020721-011221-970-755,1,0,19.12014
020721-011222-131-756,1,0,19.36058
020721-011222-288-757,1,0,19.60135
020721-011222-448-758,1,0,19.84219
020721-011222-614-759,1,0,20.08303
020721-011222-768-760,1,0,20.32388
020721-011222-935-761,1,0,20.56471
020721-011223-088-762,1,0,20.80554
020721-011223-247-763,1,0,21.04636
020721-011223-410-764,0,0,21.28718
020721-011223-568-765,-1,0,21.48678
020721-011223-729-766,-1,0,21.3908
020721-011223-888-767,-1,1,20.33665
020721-011224-051-768,-1,0,19.36372
020721-011224-210-769,-1,1,18.35904
020721-011224-374-770,-1,0,17.31341
020721-011224-528-771,-1,0,16.14796
020721-011224-689-772,0,0,15.20692
020721-011224-851-773,1,0,14.46533
020721-011225-011-774,1,0,13.82412
020721-011225-171-775,1,0,13.94373
020721-011225-330-776,1,0,14.16867
020721-011225-492-777,1,0,14.40833
020721-011225-651-778,1,0,14.64899
020721-011225-809-779,1,-1,14.8899
020721-011225-971-780,1,0,15.11328
020721-011226-132-781,1,0,15.35317
020721-011226-290-782,1,0,15.59156
020721-011226-450-783,1,0,15.8309
020721-011226-614-784,1,0,16.0712
020721-011226-767-785,1,0,16.30666
020721-011226-936-786,1,-1,16.54693
020721-011227-090-787,1,0,16.7827
020721-011227-250-788,1,0,16.94331
020721-011227-410-789,1,-1,17.1722
020721-011227-569-790,1,0,17.35019
020721-011227-731-791,1,0,17.5721
020721-011227-890-792,1,0,17.79884
020721-011228-050-793,1,-1,18.0336
020721-011228-210-794,1,0,18.11695
020721-011228-366-795,0,0,18.32554
020721-011228-530-796,0,0,18.48314
020721-011228-689-797,0,-1,18.55069
020721-011228-849-798,1,-1,18.47674
020721-011229-011-799,1,-1,18.19433
020721-011229-172-800,1,0,17.82379
020721-011229-328-801,1,0,17.4978
020721-011229-488-802,1,-1,17.555
020721-011229-653-803,1,0,17.49713
020721-011229-809-804,1,0,17.48195
020721-011229-969-805,1,-1,17.64878
020721-011230-128-806,1,0,17.61441
020721-011230-288-807,1,0,17.79408
020721-011230-450-808,1,0,18.00077
020721-011230-611-809,1,0,18.22795
020721-011230-767-810,1,0,18.46449
020721-011230-935-811,1,0,18.58969
020721-011231-089-812,1,-1,18.81628
020721-011231-253-813,1,0,18.85748
020721-011231-414-814,1,0,19.04913
020721-011231-573-815,1,1,19.24304
020721-011231-732-816,1,0,19.4705
020721-011231-890-817,1,0,19.70663
020721-011232-051-818,1,0,19.94721
020721-011232-214-819,1,-1,20.18805
020721-011232-371-820,1,0,20.42698
020721-011232-543-821,1,0,20.66768
020721-011232-690-822,1,0,20.90808
020721-011232-851-823,1,0,21.14848
020721-011233-014-824,1,0,21.38902
020721-011233-170-825,1,0,21.6297
020721-011233-329-826,1,0,21.83306
020721-011233-491-827,1,0,22.06634
020721-011233-657-828,1,0,22.29342
020721-011233-811-829,1,-1,22.52411
020721-011233-968-830,1,0,22.68435
020721-011234-132-831,1,0,22.89746
020721-011234-289-832,1,0,23.10659
020721-011234-456-833,1,0,23.32507
020721-011234-609-834,1,1,23.55512
020721-011234-770-835,1,0,23.72614
020721-011234-942-836,1,-1,23.95369
020721-011235-091-837,1,0,24.17161
020721-011235-253-838,1,0,24.3227
020721-011235-412-839,1,0,24.5507
020721-011235-569-840,1,0,24.747
020721-011235-728-841,1,0,24.94576
020721-011235-892-842,1,-1,25.16272
020721-011236-054-843,1,0,25.33262
020721-011236-209-844,1,0,25.54299
020721-011236-368-845,1,0,25.75344
020721-011236-533-846,1,-1,25.97228
020721-011236-690-847,1,0,26.11971
020721-011236-850-848,1,0,26.328
020721-011237-014-849,1,0,26.53128
020721-011237-171-850,1,0,26.74732
020721-011237-328-851,1,0,26.97617
020721-011237-490-852,1,0,27.21226
020721-011237-652-853,1,0,27.44232
020721-011237-810-854,1,0,27.67991
020721-011237-973-855,1,0,27.91162
020721-011238-131-856,1,0,28.1399
020721-011238-288-857,1,0,28.37945
020721-011238-450-858,1,-1,28.6154
020721-011238-608-859,1,0,28.6712
020721-011238-769-860,1,0,28.81182
020721-011238-931-861,1,0,28.92586
020721-011239-094-862,1,0,29.05731
020721-011239-255-863,1,0,29.23549
020721-011239-412-864,1,0,29.44958
020721-011239-572-865,1,-1,29.68136
020721-011239-732-866,1,0,29.69727
020721-011239-891-867,1,0,29.86518
020721-011240-056-868,1,0,30.02434
020721-011240-211-869,1,1,30.20101
020721-011240-371-870,1,0,30.42377
020721-011240-532-871,1,0,30.66204
020721-011240-689-872,1,0,30.89601
020721-011240-852-873,1,0,31.1234
020721-011241-015-874,1,0,31.3516
020721-011241-168-875,1,0,31.58408
020721-011241-330-876,1,0,31.82046
020721-011241-496-877,1,0,32.05924
020721-011241-652-878,1,0,32.2992
020721-011241-810-879,1,0,32.5396
020721-011241-972-880,1,-1,32.78012
020721-011242-132-881,0,-1,32.98003
020721-011242-288-882,0,-1,32.93633
020721-011242-450-883,-1,-1,32.65092
020721-011242-610-884,-1,0,32.05531
020721-011242-771-885,-1,-1,30.83748
020721-011242-929-886,-1,-1,29.71013
020721-011243-088-887,-1,-1,28.58269
020721-011243-252-888,0,-1,27.445
020721-011243-413-889,0,-1,26.31028
020721-011243-575-890,0,-1,25.20511
020721-011243-731-891,0,-1,24.07498
020721-011243-894-892,0,-1,23.45173
020721-011244-053-893,0,-1,22.9419
020721-011244-213-894,0,-1,22.42054
020721-011244-373-895,0,-1,21.88197
020721-011244-533-896,1,-1,21.3315
020721-011244-693-897,1,-1,20.81721
020721-011244-849-898,1,-1,20.4067
020721-011245-010-899,1,-1,20.07937
020721-011245-175-900,1,-1,19.77523
020721-011245-335-901,1,-1,19.47179
020721-011245-491-902,1,-1,19.16694
020721-011245-651-903,1,-1,18.86121
020721-011245-812-904,1,-1,18.55596
020721-011245-975-905,1,-1,18.25216
020721-011246-137-906,1,-1,17.94997
020721-011246-291-907,0,-1,17.64907
020721-011246-451-908,0,-1,17.34335
020721-011246-610-909,-1,-1,16.9568
020721-011246-773-910,-1,-1,16.20796
020721-011246-932-911,0,-1,15.0478
020721-011247-093-912,0,-1,13.90712
020721-011247-250-913,0,-1,12.81136
020721-011247-415-914,0,-1,11.96015
020721-011247-577-915,1,0,11.53423
020721-011247-736-916,1,0,11.2046
020721-011247-889-917,1,1,11.1928
020721-011248-057-918,1,0,11.31703
020721-011248-212-919,1,0,11.54848
020721-011248-374-920,1,0,11.79023
020721-011248-535-921,1,0,11.97999
020721-011248-690-922,1,0,12.22004
020721-011248-852-923,1,1,12.45797
020721-011249-010-924,1,0,12.64608
020721-011249-171-925,1,0,12.85395
020721-011249-336-926,1,1,13.0879
020721-011249-491-927,1,0,13.0759
020721-011249-658-928,1,0,13.30239
020721-011249-812-929,1,0,13.53035
020721-011249-971-930,1,0,13.76591
020721-011250-131-931,1,0,13.80437
020721-011250-293-932,1,0,14.04171
020721-011250-451-933,1,0,14.26932
020721-011250-623-934,1,0,14.50288
020721-011250-782-935,1,0,14.74135
020721-011250-933-936,1,0,14.98165
020721-011251-102-937,1,-1,15.22246
020721-011251-250-938,1,-1,15.45995
020721-011251-410-939,1,-1,15.43577
020721-011251-576-940,1,0,15.29481
020721-011251-732-941,1,0,15.05469
020721-011251-893-942,1,1,14.90492
020721-011252-054-943,1,0,15.05789
020721-011252-212-944,1,0,15.27564
020721-011252-372-945,1,0,15.51672
020721-011252-531-946,1,1,15.75757
020721-011252-694-947,1,0,15.88735
020721-011252-853-948,1,0,16.11966
020721-011253-013-949,1,0,16.34428
020721-011253-175-950,1,0,16.57641
020721-011253-329-951,1,0,16.81415
020721-011253-492-952,1,0,17.05412
020721-011253-651-953,1,0,17.2948
020721-011253-810-954,1,0,17.53566
020721-011253-972-955,1,0,17.77657
020721-011254-136-956,1,0,18.01747
020721-011254-293-957,1,0,18.25836
020721-011254-451-958,1,0,18.33829
020721-011254-611-959,1,0,18.56263
020721-011254-772-960,1,1,18.77176
020721-011254-931-961,1,0,18.99864
020721-011255-093-962,1,0,19.23741
020721-011255-252-963,1,0,19.47758
020721-011255-410-964,1,0,19.71682
020721-011255-571-965,1,0,19.71593
020721-011255-732-966,1,0,19.9154
020721-011255-893-967,1,0,20.1144
020721-011256-051-968,1,1,20.33024
020721-011256-213-969,1,0,20.31492
020721-011256-372-970,1,0,20.49609
020721-011256-532-971,1,0,20.70124
020721-011256-691-972,1,0,20.92276
020721-011256-851-973,1,0,21.15578
020721-011257-010-974,1,1,21.39398
020721-011257-170-975,1,0,21.44362
020721-011257-334-976,1,-1,21.65334
020721-011257-493-977,1,0,21.8553
020721-011257-650-978,1,0,22.06918
020721-011257-811-979,1,-1,22.30016
020721-011257-971-980,1,0,22.46009
020721-011258-128-981,1,0,22.68642
020721-011258-295-982,1,0,22.89196
020721-011258-451-983,1,0,23.10493
020721-011258-613-984,1,0,23.33171
020721-011258-772-985,1,1,23.56694
020721-011258-928-986,1,0,23.72643
020721-011259-090-987,1,0,23.94994
020721-011259-249-988,1,0,24.15148
020721-011259-410-989,1,0,24.36069
020721-011259-569-990,1,0,24.58506
020721-011259-729-991,1,0,24.81913
020721-011259-892-992,1,0,25.0435
020721-011300-050-993,1,0,25.28067
020721-011300-209-994,1,0,25.51067
020721-011300-371-995,1,0,25.74085
020721-011300-528-996,1,0,25.97501
020721-011300-692-997,1,0,26.18867
020721-011300-849-998,1,0,26.41984
020721-011301-011-999,1,0,26.64893
020721-011301-175-1000,0,0,26.88136
020721-011301-333-1001,-1,0,27.09494
020721-011301-490-1002,-1,0,27.23856
020721-011301-653-1003,-1,-1,26.57419
020721-011301-810-1004,-1,-1,25.53655
020721-011301-970-1005,0,-1,24.39494
020721-011302-135-1006,0,-1,23.2074
020721-011302-293-1007,0,-1,22.06082
020721-011302-452-1008,0,-1,20.99402
020721-011302-612-1009,-1,-1,20.5278
020721-011302-775-1010,-1,-1,19.46415
020721-011302-933-1011,-1,-1,18.27789
020721-011303-092-1012,-1,-1,17.13141
020721-011303-252-1013,0,-1,15.97614
020721-011303-412-1014,0,-1,14.86652
020721-011303-572-1015,0,-1,13.83531
020721-011303-733-1016,0,-1,13.00256
020721-011303-890-1017,-1,-1,12.60096
020721-011304-051-1018,-1,-1,11.78942
020721-011304-217-1019,-1,-1,10.6063
020721-011304-373-1020,0,-1,9.44258
020721-011304-533-1021,0,-1,8.377287
020721-011304-692-1022,0,-1,7.342802
020721-011304-854-1023,0,-1,6.709607
020721-011305-016-1024,0,-1,6.371756
020721-011305-173-1025,0,-1,6.018384
020721-011305-336-1026,0,-1,0.3734287
020721-011305-490-1027,1,-1,0.7535194
020721-011305-655-1028,1,0,0.6452146
020721-011305-815-1029,1,0,0.7970974
020721-011305-973-1030,1,0,0.9857584
020721-011306-131-1031,1,1,1.226127
020721-011306-300-1032,1,0,1.467485
020721-011306-449-1033,1,0,1.708512
020721-011306-613-1034,1,0,1.949641
020721-011306-772-1035,1,0,2.190942
020721-011306-934-1036,1,0,2.395868
020721-011307-092-1037,1,0,2.628865
020721-011307-251-1038,1,0,2.870205
020721-011307-414-1039,1,0,3.111488
020721-011307-568-1040,1,0,3.352758
020721-011307-730-1041,1,0,3.594023
020721-011307-894-1042,1,0,3.835283
020721-011308-049-1043,1,0,4.076538
020721-011308-211-1044,1,0,4.317783
020721-011308-373-1045,1,0,4.559023
020721-011308-531-1046,1,0,4.80026
020721-011308-694-1047,1,0,5.041839
020721-011308-850-1048,1,0,5.283098
020721-011309-016-1049,1,0,5.524319
020721-011309-170-1050,1,0,5.765522
020721-011309-330-1051,1,0,6.006725
020721-011309-493-1052,1,0,6.247921
020721-011309-651-1053,1,-1,6.489111
020721-011309-816-1054,1,0,6.710584
020721-011309-973-1055,1,0,6.949687
020721-011310-133-1056,1,0,7.190907
020721-011310-290-1057,1,0,7.432082
020721-011310-448-1058,1,0,7.673231
020721-011310-612-1059,1,0,7.914384
020721-011310-772-1060,1,0,8.155532
020721-011310-934-1061,1,0,8.261182
020721-011311-089-1062,1,0,8.502213
020721-011311-252-1063,1,0,8.743401
020721-011311-409-1064,1,0,8.984308
020721-011311-568-1065,1,0,9.225368
020721-011311-737-1066,1,0,9.466472
020721-011311-890-1067,1,-1,9.707578
020721-011312-051-1068,1,0,9.916958
020721-011312-212-1069,1,0,10.15814
020721-011312-372-1070,1,0,10.39864
020721-011312-532-1071,1,0,10.63941
020721-011312-692-1072,1,0,10.82881
020721-011312-854-1073,1,-1,11.06979
020721-011313-009-1074,1,0,11.244
020721-011313-173-1075,1,0,11.48033
020721-011313-336-1076,1,0,11.71747
020721-011313-487-1077,1,-1,11.95624
020721-011313-653-1078,1,0,12.19411
020721-011313-814-1079,1,0,12.3423
020721-011313-984-1080,1,-1,12.58135
020721-011314-130-1081,1,0,12.79621
020721-011314-289-1082,1,0,13.00989
020721-011314-453-1083,1,0,13.24556
020721-011314-612-1084,1,0,13.48237
020721-011314-773-1085,1,0,13.72179
020721-011314-933-1086,1,0,13.96234
020721-011315-089-1087,1,-1,14.20323
020721-011315-255-1088,1,0,14.31361
020721-011315-415-1089,1,0,14.24727
020721-011315-569-1090,1,0,14.4016
020721-011315-730-1091,1,0,14.59511
020721-011315-891-1092,1,0,14.81243
020721-011316-056-1093,1,-1,15.04619
020721-011316-215-1094,1,-1,15.25328
020721-011316-368-1095,1,0,15.20639
020721-011316-529-1096,1,0,15.09101
020721-011316-692-1097,1,0,15.15538
020721-011316-852-1098,1,0,15.3282
020721-011317-011-1099,1,0,15.53107
020721-011317-169-1100,1,0,15.75974
020721-011317-335-1101,1,0,15.9975
020721-011317-492-1102,1,-1,16.23772
020721-011317-653-1103,1,0,16.34916
020721-011317-813-1104,1,0,16.58111
020721-011317-968-1105,1,0,16.8036
020721-011318-133-1106,1,0,17.03409
020721-011318-288-1107,1,0,17.2711
020721-011318-451-1108,1,0,17.51081
020721-011318-611-1109,1,0,17.75141
020721-011318-775-1110,0,0,17.99224
020721-011318-930-1111,0,0,18.16334
020721-011319-091-1112,-1,1,18.22718
020721-011319-251-1113,-1,0,17.46498
020721-011319-410-1114,-1,0,16.59393
020721-011319-574-1115,-1,1,15.9341
020721-011319-733-1116,0,0,15.24035
020721-011319-890-1117,1,0,14.61033
020721-011320-050-1118,1,0,13.98787
020721-011320-210-1119,1,0,14.03003
020721-011320-370-1120,1,0,14.24747
020721-011320-529-1121,1,0,14.48108
020721-011320-688-1122,1,0,14.71879
020721-011320-855-1123,1,0,14.95872
020721-011321-011-1124,1,1,15.19941
020721-011321-168-1125,1,0,15.25219
020721-011321-333-1126,1,0,15.48296
020721-011321-489-1127,1,0,15.70392
020721-011321-655-1128,1,0,15.9335
020721-011321-814-1129,1,0,16.17038
020721-011321-972-1130,1,0,16.41014
020721-011322-129-1131,1,1,16.65078
020721-011322-293-1132,1,0,16.82974
020721-011322-449-1133,1,0,17.06525
020721-011322-612-1134,1,0,17.29526
020721-011322-772-1135,1,0,17.52959
020721-011322-934-1136,1,-1,17.76785
020721-011323-089-1137,1,0,17.9927
020721-011323-254-1138,1,0,18.23228
020721-011323-413-1139,1,0,18.46908
020721-011323-570-1140,1,0,18.70675
020721-011323-729-1141,0,0,18.94605
020721-011323-895-1142,-1,0,19.1213
020721-011324-052-1143,-1,0,18.77317
020721-011324-212-1144,-1,0,17.8913
020721-011324-371-1145,-1,0,17.25462
020721-011324-534-1146,-1,0,16.49277
020721-011324-691-1147,-1,0,15.82927
020721-011324-856-1148,-1,0,15.15956
020721-011325-013-1149,-1,1,14.49391
020721-011325-171-1150,-1,0,13.71426
020721-011325-331-1151,-1,0,12.94414
020721-011325-493-1152,-1,0,12.26508
020721-011325-649-1153,-1,0,11.59129
020721-011325-812-1154,-1,1,10.92907
020721-011325-972-1155,-1,0,10.24942
020721-011326-134-1156,-1,0,9.593892
020721-011326-289-1157,-1,0,8.939104
020721-011326-450-1158,1,1,8.284739
020721-011326-609-1159,1,0,7.864058
020721-011326-772-1160,1,0,7.734607
020721-011326-930-1161,1,1,7.963712
020721-011327-096-1162,1,0,8.113976
020721-011327-253-1163,1,0,8.355939
020721-011327-410-1164,1,0,8.596851
020721-011327-573-1165,1,1,8.837776
020721-011327-733-1166,1,0,9.019538
020721-011327-894-1167,1,0,9.262083
020721-011328-049-1168,1,1,9.502789
020721-011328-211-1169,1,0,9.685102
020721-011328-376-1170,1,1,9.926441
020721-011328-531-1171,1,0,10.01794
020721-011328-690-1172,1,0,10.26058
020721-011328-853-1173,1,0,10.49896
020721-011329-012-1174,1,0,10.56539
020721-011329-174-1175,1,1,10.80685
020721-011329-332-1176,1,0,10.86317
020721-011329-488-1177,1,0,11.0912
020721-011329-657-1178,1,0,11.3253
020721-011329-811-1179,1,0,11.56174
020721-011329-970-1180,1,1,11.80141
020721-011330-132-1181,1,0,11.94681
020721-011330-288-1182,1,0,12.18695
020721-011330-449-1183,1,0,12.4236
020721-011330-614-1184,1,1,12.66252
020721-011330-775-1185,1,1,12.89617
020721-011330-929-1186,1,0,12.85459
020721-011331-088-1187,1,1,13.06582
020721-011331-249-1188,1,0,13.13898
020721-011331-413-1189,1,0,13.20422
020721-011331-572-1190,1,0,13.41221
020721-011331-729-1191,1,0,13.61515
020721-011331-888-1192,1,0,13.84581
020721-011332-051-1193,1,0,14.08317
020721-011332-210-1194,1,0,14.32317
020721-011332-372-1195,1,0,14.56346
020721-011332-529-1196,1,1,14.80434
020721-011332-693-1197,1,0,14.88708
020721-011332-850-1198,1,0,14.85126
020721-011333-015-1199,1,0,15.03654
020721-011333-170-1200,1,0,15.22593
020721-011333-332-1201,1,0,15.4465
020721-011333-492-1202,1,0,15.6817
020721-011333-652-1203,1,0,15.92126
020721-011333-810-1204,1,0,16.07049
020721-011333-974-1205,1,0,16.30489
020721-011334-128-1206,1,0,16.53279
020721-011334-290-1207,1,0,16.76637
020721-011334-450-1208,1,0,17.00453
020721-011334-612-1209,1,0,17.2446
020721-011334-772-1210,1,0,17.48529
020721-011334-932-1211,1,0,17.72615
020721-011335-088-1212,1,0,17.96704
020721-011335-249-1213,1,0,18.20794
020721-011335-412-1214,1,0,18.44883
020721-011335-572-1215,1,0,18.68971
020721-011335-729-1216,1,0,18.93059
020721-011335-892-1217,1,1,19.17146
020721-011336-050-1218,1,0,19.30299
020721-011336-210-1219,1,0,19.41095
020721-011336-371-1220,1,0,19.58042
020721-011336-532-1221,1,0,19.74618
020721-011336-689-1222,1,1,19.94921
020721-011336-850-1223,1,0,20.11028
020721-011337-010-1224,1,0,20.33388
020721-011337-169-1225,1,0,20.55811
020721-011337-331-1226,1,0,20.7901
020721-011337-491-1227,1,0,21.0274
020721-011337-648-1228,1,0,21.26705
020721-011337-812-1229,1,0,21.50753
020721-011337-969-1230,1,0,21.74827
020721-011338-130-1231,1,0,21.98907
020721-011338-293-1232,1,0,22.22985
020721-011338-456-1233,0,0,22.47064
020721-011338-611-1234,0,0,22.65954
020721-011338-769-1235,-1,0,22.74937
020721-011338-932-1236,-1,0,22.29108
020721-011339-091-1237,-1,0,21.41404
020721-011339-253-1238,-1,0,20.78019
020721-011339-412-1239,-1,0,20.12937
020721-011339-572-1240,-1,0,19.47538
020721-011339-732-1241,-1,-1,18.82115
020721-011339-890-1242,-1,0,18.13122
020721-011340-049-1243,-1,0,17.41168
020721-011340-212-1244,-1,0,16.73429
020721-011340-373-1245,-1,-1,16.05225
020721-011340-530-1246,-1,0,15.04807
020721-011340-689-1247,-1,0,14.09871
020721-011340-851-1248,-1,0,13.3985
020721-011341-013-1249,-1,0,12.7072
020721-011341-170-1250,-1,0,12.03612
020721-011341-331-1251,-1,0,11.37642
020721-011341-497-1252,0,0,10.69654
020721-011341-652-1253,1,0,10.0548
020721-011341-813-1254,1,0,9.605056
020721-011341-970-1255,1,-1,9.734117
020721-011342-129-1256,1,0,9.950165
020721-011342-291-1257,1,0,10.13088
020721-011342-453-1258,1,0,10.37197
020721-011342-614-1259,1,0,10.61114
020721-011342-772-1260,1,-1,10.85138
020721-011342-932-1261,1,0,11.01271
020721-011343-091-1262,1,0,11.25366
020721-011343-251-1263,1,-1,11.49221
020721-011343-414-1264,1,0,11.67177
020721-011343-571-1265,1,-1,11.89954
020721-011343-731-1266,1,0,12.09746
020721-011343-891-1267,1,0,12.12745
020721-011344-049-1268,1,0,12.35729
020721-011344-212-1269,1,0,12.5836
020721-011344-369-1270,1,0,12.81925
020721-011344-532-1271,1,0,13.0589
020721-011344-689-1272,1,0,13.29962
020721-011344-851-1273,1,0,13.33658
020721-011345-014-1274,1,-1,13.57324
020721-011345-172-1275,1,0,13.64208
020721-011345-332-1276,1,-1,13.86757
020721-011345-491-1277,1,0,14.02794
020721-011345-652-1278,1,-1,14.25571
020721-011345-810-1279,1,0,14.32885
020721-011345-974-1280,1,-1,14.31001
020721-011346-128-1281,1,0,14.49167
020721-011346-288-1282,1,0,14.50562
020721-011346-450-1283,1,0,14.70856
020721-011346-615-1284,1,0,14.92292
020721-011346-769-1285,1,-1,15.15461
020721-011346-933-1286,1,0,15.26318
020721-011347-092-1287,1,0,15.49548
020721-011347-248-1288,1,0,15.72188
020721-011347-411-1289,1,-1,15.95549
020721-011347-569-1290,1,0,16.02649
020721-011347-731-1291,1,0,16.25442
020721-011347-896-1292,1,0,16.47455
020721-011348-049-1293,1,-1,16.70472
020721-011348-210-1294,1,0,16.75482
020721-011348-371-1295,1,0,16.97815
020721-011348-538-1296,1,0,17.1941
020721-011348-689-1297,1,-1,17.42191
020721-011348-849-1298,1,0,17.52378
020721-011349-015-1299,1,0,17.74805
020721-011349-171-1300,1,0,17.96585
020721-011349-334-1301,1,-1,18.1944
020721-011349-491-1302,1,0,18.2111
020721-011349-651-1303,1,0,18.4234
020721-011349-811-1304,1,0,18.63271
020721-011349-972-1305,1,0,18.85627
020721-011350-133-1306,1,0,18.88868
020721-011350-289-1307,1,0,19.10065
020721-011350-453-1308,1,0,19.30726
020721-011350-616-1309,1,-1,19.52911
020721-011350-771-1310,1,0,19.56265
020721-011350-935-1311,1,0,19.55058
020721-011351-111-1312,1,0,19.68524
020721-011351-253-1313,1,1,19.82052
020721-011351-416-1314,1,0,19.83793
020721-011351-577-1315,1,0,20.06663
020721-011351-734-1316,1,-1,20.26211
020721-011351-889-1317,1,0,20.47325
020721-011352-050-1318,1,0,20.70575
020721-011352-215-1319,1,1,20.94478
020721-011352-371-1320,1,0,21.17135
020721-011352-528-1321,1,0,21.41109
020721-011352-689-1322,1,0,21.6491
020721-011352-853-1323,0,0,21.88746
020721-011353-012-1324,-1,0,22.07317
020721-011353-169-1325,-1,0,21.59941
020721-011353-330-1326,-1,1,20.72513
020721-011353-493-1327,-1,0,19.92317
020721-011353-652-1328,-1,0,19.24923
020721-011353-810-1329,-1,0,18.55358
020721-011353-969-1330,-1,0,17.86457
020721-011354-130-1331,-1,-1,17.1901
020721-011354-289-1332,-1,0,16.4506
020721-011354-451-1333,-1,0,15.79229
020721-011354-617-1334,-1,0,15.13047
020721-011354-772-1335,-1,0,14.45609
020721-011354-935-1336,-1,-1,13.79592
020721-011355-093-1337,-1,0,12.95828
020721-011355-253-1338,-1,0,12.29022
020721-011355-408-1339,1,0,11.62417
020721-011355-573-1340,1,-1,11.07103
020721-011355-733-1341,1,0,11.1287
020721-011355-889-1342,1,0,11.17665
020721-011356-052-1343,1,0,11.41496
020721-011356-213-1344,1,0,11.55994
020721-011356-369-1345,1,0,11.79619
020721-011356-528-1346,1,0,12.03168
020721-011356-691-1347,1,0,12.27073
020721-011356-849-1348,1,-1,12.51126
020721-011357-010-1349,1,0,12.69474
020721-011357-175-1350,1,0,12.93456
020721-011357-331-1351,1,0,13.1718
020721-011357-488-1352,1,0,13.41088
020721-011357-658-1353,1,0,13.65126
020721-011357-812-1354,1,0,13.80602
020721-011357-974-1355,1,0,14.04411
020721-011358-137-1356,1,0,14.27758
020721-011358-293-1357,1,-1,14.51467
020721-011358-452-1358,1,0,14.49545
020721-011358-612-1359,1,-1,14.71558
020721-011358-768-1360,1,0,14.90352
020721-011358-937-1361,1,0,15.01951
020721-011359-093-1362,1,-1,15.23819
020721-011359-252-1363,1,0,15.44779
020721-011359-416-1364,1,0,15.65551
020721-011359-571-1365,1,0,15.88829
020721-011359-731-1366,1,-1,16.12372
020721-011359-895-1367,1,0,16.25631
020721-011400-052-1368,1,0,16.28157
020721-011400-210-1369,1,0,16.47068
020721-011400-369-1370,1,0,16.65687
020721-011400-533-1371,1,0,16.87395
020721-011400-693-1372,1,-1,17.10748
020721-011400-853-1373,1,0,17.33698
020721-011401-013-1374,1,0,17.56772
020721-011401-171-1375,1,1,17.80464
020721-011401-338-1376,1,0,18.04154
020721-011401-493-1377,1,0,18.2643
020721-011401-659-1378,1,0,18.50097
020721-011401-814-1379,1,0,18.65775
020721-011401-973-1380,1,0,18.89605
020721-011402-137-1381,1,0,19.12318
020721-011402-293-1382,1,0,19.35245
020721-011402-454-1383,1,0,19.58763
020721-011402-614-1384,1,0,19.82634
020721-011402-773-1385,1,0,20.0665
020721-011402-930-1386,1,0,20.30716
020721-011403-093-1387,1,1,20.54796
020721-011403-254-1388,1,0,20.66643
020721-011403-411-1389,1,0,20.88802
020721-011403-569-1390,1,0,21.09254
020721-011403-732-1391,1,0,21.30888
020721-011403-892-1392,1,0,21.53877
020721-011404-050-1393,1,1,21.77566
020721-011404-210-1394,0,0,21.90521
020721-011404-369-1395,1,0,22.05221
020721-011404-534-1396,1,0,22.19237
020721-011404-690-1397,0,0,22.39125
020721-011404-853-1398,0,0,22.58541
020721-011405-010-1399,0,0,22.69581
020721-011405-171-1400,1,1,22.74481
020721-011405-332-1401,0,0,22.61151
020721-011405-491-1402,0,0,22.59902
020721-011405-661-1403,0,0,22.55501
020721-011405-814-1404,-1,-1,22.5216
020721-011405-970-1405,-1,0,21.67862
020721-011406-134-1406,-1,0,20.86787
020721-011406-288-1407,-1,-1,20.22453
020721-011406-453-1408,-1,0,19.50418
020721-011406-609-1409,-1,0,18.80794
020721-011406-769-1410,-1,0,18.11943
020721-011406-934-1411,-1,0,17.42988
020721-011407-091-1412,-1,0,16.6867
020721-011407-253-1413,-1,0,16.02765
020721-011407-409-1414,-1,0,15.36793
020721-011407-574-1415,-1,0,14.7068
020721-011407-732-1416,-1,0,14.05044
020721-011407-890-1417,-1,0,13.39512
020721-011408-053-1418,-1,0,12.7409
020721-011408-212-1419,-1,0,12.08679
020721-011408-373-1420,0,0,11.43268
020721-011408-530-1421,1,0,10.81497
020721-011408-691-1422,1,-1,10.37065
020721-011408-853-1423,1,0,10.53813
020721-011409-012-1424,1,0,10.68991
020721-011409-170-1425,1,0,10.93143
020721-011409-332-1426,1,1,11.17008
020721-011409-490-1427,1,0,11.25126
020721-011409-649-1428,1,0,11.493
020721-011409-810-1429,0,0,11.73012
020721-011409-973-1430,0,0,11.93078
020721-011410-136-1431,-1,0,12.03112
020721-011410-294-1432,-1,0,12.03586
020721-011410-452-1433,-1,-1,10.99047
020721-011410-609-1434,-1,0,10.24769
020721-011410-770-1435,-1,0,9.45874
020721-011410-931-1436,0,0,8.800022
020721-011411-090-1437,1,0,8.151022
020721-011411-252-1438,1,0,7.764386
020721-011411-411-1439,1,0,7.862895
020721-011411-573-1440,1,0,8.082565
020721-011411-730-1441,1,0,8.323445
020721-011411-893-1442,1,0,8.564659
020721-011412-049-1443,0,0,8.805794
020721-011412-217-1444,0,0,8.992941
020721-011412-374-1445,0,0,9.070908
020721-011412-531-1446,0,0,9.104501
020721-011412-694-1447,-1,0,9.133198
020721-011412-853-1448,-1,0,8.355318
020721-011413-013-1449,-1,0,7.636535
020721-011413-174-1450,-1,0,6.989698
020721-011413-332-1451,-1,0,6.336048
020721-011413-493-1452,-1,0,5.681989
020721-011413-650-1453,0,0,5.027967
020721-011413-811-1454,0,0,4.433758
020721-011413-973-1455,0,-1,3.911305
020721-011414-132-1456,0,-1,3.757993
020721-011414-293-1457,1,-1,3.635736
020721-011414-451-1458,1,-1,3.385403
020721-011414-609-1459,1,-1,3.370215
020721-011414-771-1460,1,-1,3.431648
020721-011414-930-1461,1,-1,3.497155
020721-011415-092-1462,1,-1,3.560392
020721-011415-252-1463,1,-1,3.621984
020721-011415-412-1464,1,-1,3.682135
020721-011415-571-1465,0,-1,3.740939
020721-011415-732-1466,0,-1,3.695026
020721-011415-894-1467,1,-1,3.532476
020721-011416-050-1468,1,-1,3.404281
020721-011416-215-1469,1,-1,3.387487
020721-011416-376-1470,1,-1,3.447516
020721-011416-533-1471,1,-1,3.512405
020721-011416-812-1472,1,-1,3.575205
020721-011416-853-1473,1,-1,3.636433
020721-011417-010-1474,1,0,3.696262
020721-011417-171-1475,1,-1,3.784712
020721-011417-329-1476,1,-1,3.946793
020721-011417-490-1477,1,0,3.958778
020721-011417-653-1478,1,0,4.10959
020721-011417-813-1479,1,0,4.378195
020721-011417-972-1480,1,0,4.607773
020721-011418-131-1481,1,0,4.848951
020721-011418-293-1482,1,-1,5.090437
020721-011418-453-1483,1,0,5.261712
020721-011418-612-1484,1,0,5.48089
020721-011418-770-1485,1,0,5.716885
020721-011418-931-1486,0,0,5.958323
020721-011419-091-1487,0,0,6.181082
